runs,wickets,matches,strike_rate
0.025728571663103987,-0.44405303578688576,0.0,0.16190307373885118
-0.5746047671426557,0.6660795536803287,-0.7071067811865475,-0.9288123703965626
0.5403000049251837,-0.7612337756346613,0.7071067811865475,0.6390910805480948
-1.4751047753512954,1.6176217732236553,-1.414213562373095,-1.2952245899108046
1.4836809659056633,-1.078414515482437,1.414213562373095,1.4230428060204259
